{
    "items":[
        {   
            "id":0,
            "title":"账户",
            "icon":"&#xe8d5;",
            "isDotShow":1,
            "isBalanceShow":1,
            "linkTo":"/account"
        },
        {
            "id":1,
            "title":"我的课程",
            "icon":"&#xe673;",
            "isDotShow":1,
            "isBalanceShow":0,
            "linkTo":"/myCourse"
        },
        {
            "id":2,
            "title":"我的订单",
            "icon":"&#xe671;",
            "isDotShow":0,
            "isBalanceShow":0,
            "linkTo":"/myIndent"
        },
        {
            "id":3,
            "title":"商城订单",
            "icon":"&#xe605;",
            "isDotShow":0,
            "isBalanceShow":0,
            "linkTo":"[表情]oppingIndent"
        },
        {
            "id":4,
            "title":"我的拼团",
            "icon":"&#xe776;",
            "isDotShow":0,
            "isBalanceShow":0,
            "linkTo":"/groupShopping"
        },
        {
            "id":5,
            "title":"我的证书",
            "icon":"&#xe601;",
            "isDotShow":0,
            "isBalanceShow":0,
            "linkTo":"/myCertificate"
        },
        {
            "id":6,
            "title":"我的每日一课",
            "icon":"&#xe664;",
            "isDotShow":0,
            "isBalanceShow":0,
            "linkTo":"/myCertificate"
        },
        {
            "id":7,
            "title":"礼券",
            "icon":"&#xe65d;",
            "isDotShow":0,
            "isBalanceShow":0,
            "linkTo":"/myCertificate"
        },
        {
            "id":8,
            "title":"课程赠送",
            "icon":"&#xe651;",
            "isDotShow":0,
            "isBalanceShow":0,
            "linkTo":"/myCertificate"
        },
        {
            "id":9,
            "title":"分享有赏",
            "icon":"&#xe670;",
            "isDotShow":0,
            "isBalanceShow":0,
            "linkTo":"/myCertificate"
        },
        {
            "id":10,
            "title":"邀请好友",
            "icon":"&#xe63e;",
            "isDotShow":0,
            "isBalanceShow":0,
            "linkTo":"/myCertificate"
        },
        {
            "id":11,
            "title":"关注服务号领币",
            "icon":"&#xe60a;",
            "isDotShow":0,
            "isBalanceShow":0,
            "linkTo":"/myCertificate"
        },
        {
            "id":12,
            "title":"帮助与反馈",
            "icon":"&#xe607;",
            "isDotShow":0,
            "isBalanceShow":0,
            "linkTo":"/myCertificate"
        },
        {
            "id":13,
            "title":"设置",
            "icon":"&#xe604;",
            "isDotShow":0,
            "isBalanceShow":0,
            "linkTo":"/myCertificate"
        }
    ]
}