{
  "id": "1952166",
  "name": "geekTime",
  "font_family": "iconfont",
  "css_prefix_text": "icon-",
  "description": "",
  "glyphs": [
    {
      "icon_id": "3580737",
      "name": "订单",
      "font_class": "icon-",
      "unicode": "e605",
      "unicode_decimal": 58885
    },
    {
      "icon_id": "7033651",
      "name": "金币",
      "font_class": "jinbi",
      "unicode": "e60a",
      "unicode_decimal": 58890
    },
    {
      "icon_id": "472563",
      "name": "团",
      "font_class": "tuan",
      "unicode": "e776",
      "unicode_decimal": 59254
    },
    {
      "icon_id": "1529995",
      "name": "邀请",
      "font_class": "yaoqing",
      "unicode": "e63e",
      "unicode_decimal": 58942
    },
    {
      "icon_id": "4228304",
      "name": "证书",
      "font_class": "certi",
      "unicode": "e601",
      "unicode_decimal": 58881
    },
    {
      "icon_id": "4674815",
      "name": "分享有赏",
      "font_class": "fenxiangyoushang",
      "unicode": "e670",
      "unicode_decimal": 58992
    },
    {
      "icon_id": "10318538",
      "name": "每日营销",
      "font_class": "meiriyingxiao",
      "unicode": "e664",
      "unicode_decimal": 58980
    },
    {
      "icon_id": "11125421",
      "name": "礼物",
      "font_class": "liwu",
      "unicode": "e651",
      "unicode_decimal": 58961
    },
    {
      "icon_id": "11598529",
      "name": "设 置",
      "font_class": "shezhi",
      "unicode": "e604",
      "unicode_decimal": 58884
    },
    {
      "icon_id": "12008401",
      "name": "帮 助",
      "font_class": "bangzhu",
      "unicode": "e607",
      "unicode_decimal": 58887
    },
    {
      "icon_id": "13755208",
      "name": "礼券",
      "font_class": "liquan",
      "unicode": "e65d",
      "unicode_decimal": 58973
    },
    {
      "icon_id": "2257009",
      "name": "return",
      "font_class": "return",
      "unicode": "e647",
      "unicode_decimal": 58951
    },
    {
      "icon_id": "6683974",
      "name": "book",
      "font_class": "book",
      "unicode": "e602",
      "unicode_decimal": 58882
    },
    {
      "icon_id": "7281400",
      "name": "discover",
      "font_class": "discover",
      "unicode": "e600",
      "unicode_decimal": 58880
    },
    {
      "icon_id": "7675623",
      "name": "mine_normal",
      "font_class": "mine",
      "unicode": "e603",
      "unicode_decimal": 58883
    },
    {
      "icon_id": "11264866",
      "name": "Clock",
      "font_class": "Clock",
      "unicode": "e615",
      "unicode_decimal": 58901
    },
    {
      "icon_id": "11726791",
      "name": "fire",
      "font_class": "fire",
      "unicode": "e85f",
      "unicode_decimal": 59487
    },
    {
      "icon_id": "13291378",
      "name": "hat",
      "font_class": "hat",
      "unicode": "e663",
      "unicode_decimal": 58979
    },
    {
      "icon_id": "13097296",
      "name": "next",
      "font_class": "next",
      "unicode": "e613",
      "unicode_decimal": 58899
    },
    {
      "icon_id": "1129450",
      "name": "acount",
      "font_class": "acount",
      "unicode": "e8d5",
      "unicode_decimal": 59605
    },
    {
      "icon_id": "8569248",
      "name": "bag",
      "font_class": "bag",
      "unicode": "e671",
      "unicode_decimal": 58993
    },
    {
      "icon_id": "8813860",
      "name": "lesson",
      "font_class": "lesson",
      "unicode": "e673",
      "unicode_decimal": 58995
    },
    {
      "icon_id": "13979052",
      "name": "message management",
      "font_class": "messagemanagement",
      "unicode": "e665",
      "unicode_decimal": 58981
    }
  ]
}
